Measure_Clean,Measure_Short,SDOH_Column,Data_Type
Total weighted population,Total weighted population,ACS_TOT_POP_WT,SDOH
Total population in the U.S. (ages 1 and over),Total population in,ACS_TOT_POP_US_ABOVE1,SDOH
Total population (ages 5 and over),Total population (ages,ACS_TOT_POP_ABOVE5,SDOH
Total population (ages 15 and over),Total population (ages,ACS_TOT_POP_ABOVE15,SDOH
Total population (ages 16 and over),Total population (ages,ACS_TOT_POP_ABOVE16,SDOH
Total population (between ages 16 and 19),Total population (between,ACS_TOT_POP_16_19,SDOH
Total population (ages 25 and over),Total population (ages,ACS_TOT_POP_ABOVE25,SDOH
Total civilian population (ages 18 and over),Total civilian population,ACS_TOT_CIVIL_POP_ABOVE18,SDOH
Total civilian population who are veterans (ages 25 and over),Total civilian population,ACS_TOT_CIVIL_VET_POP_ABOVE25,SDOH
Total own children (ages 17 and below),Total own children,ACS_TOT_OWN_CHILD_BELOW17,SDOH
Total workers who do not work from home (ages 16 and over),Total workers who,ACS_TOT_WORKER_NWFH,SDOH
Total workers in households (ages 16 and over),Total workers in,ACS_TOT_WORKER_HH,SDOH
Total population in the civilian labor force (ages 16 and over),Total population in,ACS_TOT_CIVILIAN_LABOR,SDOH
Total civilian employed population (ages 16 and over),Total civilian employed,ACS_TOT_CIVIL_EMPLOY_POP,SDOH
Total population for whom poverty status is determined,Total population for,ACS_TOT_POP_POV,SDOH
Total civilian noninstitutionalized population for whom poverty status is determined,Total civilian noninstitutionalized,ACS_TOT_CIVIL_NONINST_POP_POV,SDOH
Total civilian population for whom poverty status is determined (ages 18 and over),Total civilian population,ACS_TOT_CIVIL_POP_POV,SDOH
Total grandchildren under 18 living with grandparent householder,Total grandchildren under,ACS_TOT_GRANDCHILDREN_GP,SDOH
Total housing units,Total housing units,ACS_TOT_HU,SDOH
Total number of households,Total number of,ACS_TOT_HH,SDOH
Average household size,Average household size,ACS_AVG_HH_SIZE,SDOH
Total civilian noninstitutionalized population,Total civilian noninstitutionalized,ACS_TOT_CIVIL_NONINST_POP,SDOH
Total number of civilian veterans (ages 18 and over),Total number of,ACS_TOT_CIVIL_VET_POP,SDOH
Percentage of children with a disability (ages 17 and below),Percentage of children,ACS_PCT_CHILD_DISAB,SDOH
Percentage of population with a disability,Percentage of population,ACS_PCT_DISABLE,SDOH
Percentage of nonveterans with a disability (between ages 18 and 64),Percentage of nonveterans,ACS_PCT_NONVET_DISABLE_18_64,SDOH
Percentage of civilian veterans with a disability (between ages 18 and 64),Percentage of civilian,ACS_PCT_VET_DISABLE_18_64,SDOH
Percentage of population that is male,Percentage of population,ACS_PCT_MALE,SDOH
Percentage of population that is female,Percentage of population,ACS_PCT_FEMALE,SDOH
"Percentage of population consisting of U.S. citizens born in United States, Puerto Rico, or U.S. Islands",Percentage of population,ACS_PCT_CTZ_US_BORN,SDOH
Percentage of population consisting of U.S. citizens born abroad of American parents or naturalized,Percentage of population,ACS_PCT_CTZ_NONUS_BORN,SDOH
Percentage of population that is foreign-born,Percentage of population,ACS_PCT_FOREIGN_BORN,SDOH
Percentage of population who are not U.S. citizens,Percentage of population,ACS_PCT_NON_CITIZEN,SDOH
Percentage of population consisting of U.S. citizens by naturalization,Percentage of population,ACS_PCT_CTZ_NATURALIZED,SDOH
Percentage of population who are citizens (ages 18 and over),Percentage of population,ACS_PCT_CTZ_ABOVE18,SDOH
Percentage of population who are not U.S. citizens and entered U.S. before 1990,Percentage of population,ACS_PCT_NONCTN_1990,SDOH
Percentage of population who are not U.S. citizens and entered U.S. between 1990 and 1999,Percentage of population,ACS_PCT_NONCTN_1999,SDOH
Percentage of population who are not U.S. citizens and entered U.S. between 2000 and 2009,Percentage of population,ACS_PCT_NONCTN_2000,SDOH
Percentage of population who are not U.S. citizens and entered U.S. since 2010,Percentage of population,ACS_PCT_NONCTN_2010,SDOH
Percentage of population that speaks Asian and Pacific Island languages (ages 5 and over),Percentage of population,ACS_PCT_API_LANG,SDOH
Percentage of population that speaks a language other than English that does not speak English at all (ages 5 and over),Percentage of population,ACS_PCT_ENGL_NOT_ALL,SDOH
Percentage of population that speaks a language other than English that does not speak English well (ages 5 and over),Percentage of population,ACS_PCT_ENGL_NOT_WELL,SDOH
Percentage of population that speaks a language other than English that speaks English very well (ages 5 and over),Percentage of population,ACS_PCT_ENGL_VERY_WELL,SDOH
Percentage of population that speaks a language other than English that speaks English well (ages 5 and over),Percentage of population,ACS_PCT_ENGL_WELL,SDOH
Percentage of population that only speaks English (ages 5 and over),Percentage of population,ACS_PCT_ENGLISH,SDOH
Percentage of limited English speaking households,Percentage of limited,ACS_PCT_HH_LIMIT_ENGLISH,SDOH
Percentage of population who speak other Indo-European languages (ages 5 and over),Percentage of population,ACS_PCT_OTH_EURP,SDOH
Percentage of population who speak other languages (ages 5 and over),Percentage of population,ACS_PCT_OTH_LANG,SDOH
Percentage of population that speaks Spanish (ages 5 and over),Percentage of population,ACS_PCT_SPANISH,SDOH
Percentage of the civilian population consisting of veterans (ages 18 and over),Percentage of the,ACS_PCT_VET,SDOH
Percentage of the civilian veteran population that served during the Gulf War period from August 1990 to August 2001 (ages 18 and over),Percentage of the,ACS_PCT_GULFWAR_1990_2001,SDOH
Percentage of the civilian veteran population that served during the Gulf War period from September 2001 or later (ages 18 and over),Percentage of the,ACS_PCT_GULFWAR_2001,SDOH
Percentage of the civilian veteran population that served between Gulf War and Vietnam era (ages 18 and over),Percentage of the,ACS_PCT_GULFWAR_VIETNAM,SDOH
Percentage of the civilian veteran population that served in the Vietnam era (ages 18 and over),Percentage of the,ACS_PCT_VIETNAM,SDOH
Median age of total population,Median age of,ACS_MEDIAN_AGE,SDOH
Median age of male population,Median age of,ACS_MEDIAN_AGE_MALE,SDOH
Median age of female population,Median age of,ACS_MEDIAN_AGE_FEMALE,SDOH
Percentage of population between ages 0-4,Percentage of population,ACS_PCT_AGE_0_4,SDOH
Percentage of population between ages 5-9,Percentage of population,ACS_PCT_AGE_5_9,SDOH
Percentage of population between ages 10-14,Percentage of population,ACS_PCT_AGE_10_14,SDOH
Percentage of population between ages 15-17,Percentage of population,ACS_PCT_AGE_15_17,SDOH
Percentage of population between ages 0-17,Percentage of population,ACS_PCT_AGE_0_17,SDOH
Percentage of population between ages 18-29,Percentage of population,ACS_PCT_AGE_18_29,SDOH
Percentage of population between ages 18-44,Percentage of population,ACS_PCT_AGE_18_44,SDOH
Percentage of population between ages 30-44,Percentage of population,ACS_PCT_AGE_30_44,SDOH
Percentage of population between ages 45-64,Percentage of population,ACS_PCT_AGE_45_64,SDOH
Percentage of population between ages 50-64,Percentage of population,ACS_PCT_AGE_50_64,SDOH
Percentage of population ages 65 and over,Percentage of population,ACS_PCT_AGE_ABOVE65,SDOH
Percentage of population ages 80 and over,Percentage of population,ACS_PCT_AGE_ABOVE80,SDOH
Percentage of population reporting American Indian and Alaska Native race alone,Percentage of population,ACS_PCT_AIAN,SDOH
Percentage of American Indian and Alaska Native alone population reporting female,Percentage of American,ACS_PCT_AIAN_FEMALE,SDOH
Percentage of American Indian and Alaska Native alone population reporting male,Percentage of American,ACS_PCT_AIAN_MALE,SDOH
Percentage of non-Hispanic population reporting American Indian and Alaska Native race alone,Percentage of non-Hispanic,ACS_PCT_AIAN_NONHISP,SDOH
Percentage of population reporting Asian race alone,Percentage of population,ACS_PCT_ASIAN,SDOH
Percentage of Asian alone population reporting female,Percentage of Asian,ACS_PCT_ASIAN_FEMALE,SDOH
Percentage of Asian alone population reporting male,Percentage of Asian,ACS_PCT_ASIAN_MALE,SDOH
Percentage of non-Hispanic population reporting Asian race alone,Percentage of non-Hispanic,ACS_PCT_ASIAN_NONHISP,SDOH
Percentage of population reporting Black or African American race alone,Percentage of population,ACS_PCT_BLACK,SDOH
Percentage of Black or African American alone population reporting female,Percentage of Black,ACS_PCT_BLACK_FEMALE,SDOH
Percentage of Black or African American alone population reporting male,Percentage of Black,ACS_PCT_BLACK_MALE,SDOH
Percentage of non-Hispanic population reporting Black or African American race alone,Percentage of non-Hispanic,ACS_PCT_BLACK_NONHISP,SDOH
Percentage of Hispanic or Latino population reporting female,Percentage of Hispanic,ACS_PCT_HISP_FEMALE,SDOH
Percentage of Hispanic or Latino population reporting male,Percentage of Hispanic,ACS_PCT_HISP_MALE,SDOH
Percentage of population reporting Hispanic ethnicity,Percentage of population,ACS_PCT_HISPANIC,SDOH
Percentage of population reporting multiple races,Percentage of population,ACS_PCT_MULT_RACE,SDOH
Percentage of population reporting two or more races and female,Percentage of population,ACS_PCT_MULT_RACE_FEMALE,SDOH
Percentage of population reporting two or more races and male,Percentage of population,ACS_PCT_MULT_RACE_MALE,SDOH
Percentage of non-Hispanic population reporting multiple races,Percentage of non-Hispanic,ACS_PCT_MULT_RACE_NONHISP,SDOH
Percentage of population reporting Native Hawaiian and Pacific Islander race alone,Percentage of population,ACS_PCT_NHPI,SDOH
Percentage of Native Hawaiian and other Pacific Islander alone population reporting female,Percentage of Native,ACS_PCT_NHPI_FEMALE,SDOH
Percentage of Native Hawaiian and other Pacific Islander alone population reporting male,Percentage of Native,ACS_PCT_NHPI_MALE,SDOH
Percentage of non-Hispanic population reporting Native Hawaiian and Pacific Islander race alone,Percentage of non-Hispanic,ACS_PCT_NHPI_NONHISP,SDOH
Percentage of population reporting some other race alone and female,Percentage of population,ACS_PCT_OTHER_FEMALE,SDOH
Percentage of population reporting some other race alone and male,Percentage of population,ACS_PCT_OTHER_MALE,SDOH
Percentage of non-Hispanic population reporting some other race alone,Percentage of non-Hispanic,ACS_PCT_OTHER_NONHISP,SDOH
Percentage of population reporting some other race alone,Percentage of population,ACS_PCT_OTHER_RACE,SDOH
Percentage of population reporting White race alone,Percentage of population,ACS_PCT_WHITE,SDOH
Percentage of White non-Hispanic alone population reporting female,Percentage of White,ACS_PCT_WHITE_FEMALE,SDOH
Percentage of White non-Hispanic alone population reporting male,Percentage of White,ACS_PCT_WHITE_MALE,SDOH
Percentage of non-Hispanic population reporting White race alone,Percentage of non-Hispanic,ACS_PCT_WHITE_NONHISP,SDOH
Percentage of householders who are White alone,Percentage of householders,ACS_PCT_HOUSEHOLDER_WHITE,SDOH
Percentage of householders who are Black or African American alone,Percentage of householders,ACS_PCT_HOUSEHOLDER_BLACK,SDOH
Percentage of householders who are American Indian and Alaska Native alone,Percentage of householders,ACS_PCT_HOUSEHOLDER_AIAN,SDOH
Percentage of householders who are Asian alone,Percentage of householders,ACS_PCT_HOUSEHOLDER_ASIAN,SDOH
Percentage of householders who are Native Hawaiian and other Pacific Islander alone,Percentage of householders,ACS_PCT_HOUSEHOLDER_NHPI,SDOH
Percentage of householders who are some other race alone,Percentage of householders,ACS_PCT_HOUSEHOLDER_OTHER,SDOH
Percentage of householders who are two or more races,Percentage of householders,ACS_PCT_HOUSEHOLDER_MULT,SDOH
Percentage of population reporting American Indian and Alaska Native alone or in combination with one or more races,Percentage of population,ACS_PCT_AIAN_COMB,SDOH
Percentage of population reporting Asian alone or in combination with one or more races,Percentage of population,ACS_PCT_ASIAN_COMB,SDOH
Percentage of population reporting Black or African American alone or in combination with one or more races,Percentage of population,ACS_PCT_BLACK_COMB,SDOH
Percentage of population reporting Native Hawaiian and other Pacific Islander alone or in combination with one or more races,Percentage of population,ACS_PCT_NHPI_COMB,SDOH
Percentage of population reporting White alone or in combination with one or more races,Percentage of population,ACS_PCT_WHITE_COMB,SDOH
Percentage of families with children that are single-parent families,Percentage of families,ACS_PCT_CHILD_1FAM,SDOH
Percentage of children living with a grandparent householder (ages 17 and below),Percentage of children,ACS_PCT_CHILDREN_GRANDPARENT,SDOH
Percentage of children living with grandparent householder whose grandparent is responsible for them: parent not present,Percentage of children,ACS_PCT_GRANDP_RESPS_NO_P,SDOH
Percentage of children living with grandparent householder whose grandparent is responsible for them: parent present,Percentage of children,ACS_PCT_GRANDP_RESPS_P,SDOH
Percentage of children living with grandparent householder whose grandparent is not responsible for them,Percentage of children,ACS_PCT_GRANDP_NO_RESPS,SDOH
"Percentage of family households with female or male householder, no spouse present",Percentage of family,ACS_PCT_HH_KID_1PRNT,SDOH
Percentage of households without a computing device,Percentage of households,ACS_PCT_HH_NO_COMP_DEV,SDOH
Percentage of households with a smartphone,Percentage of households,ACS_PCT_HH_SMARTPHONE,SDOH
Percentage of households with a smartphone with no other type of computing device,Percentage of households,ACS_PCT_HH_SMARTPHONE_ONLY,SDOH
Percentage of households with a tablet or other portable wireless computer,Percentage of households,ACS_PCT_HH_TABLET,SDOH
Percentage of households with a tablet or other portable wireless computer with no other type of computing device,Percentage of households,ACS_PCT_HH_TABLET_ONLY,SDOH
Percentage of households with a desktop or laptop,Percentage of households,ACS_PCT_HH_PC,SDOH
Percentage of households with a desktop or laptop with no other type of computing device,Percentage of households,ACS_PCT_HH_PC_ONLY,SDOH
Percentage of households with other type of computer,Percentage of households,ACS_PCT_HH_OTHER_COMP,SDOH
Percentage of households with other type of computer only,Percentage of households,ACS_PCT_HH_OTHER_COMP_ONLY,SDOH
Percentage of households with any internet subscription,Percentage of households,ACS_PCT_HH_INTERNET,SDOH
Percentage of households with internet access without a subscription,Percentage of households,ACS_PCT_HH_INTERNET_NO_SUBS,SDOH
"Percentage of households with broadband such as cable, fiber optic or DSL",Percentage of households,ACS_PCT_HH_BROADBAND,SDOH
"Percentage of households with broadband such as cable, fiber optic or DSL with no other type of Internet subscription",Percentage of households,ACS_PCT_HH_BROADBAND_ONLY,SDOH
Percentage of households with broadband of any type,Percentage of households,ACS_PCT_HH_BROADBAND_ANY,SDOH
Percentage of households with a cellular data plan,Percentage of households,ACS_PCT_HH_CELLULAR,SDOH
Percentage of households with a cellular data plan with no other type of internet subscription,Percentage of households,ACS_PCT_HH_CELLULAR_ONLY,SDOH
Percentage of households with no internet access,Percentage of households,ACS_PCT_HH_NO_INTERNET,SDOH
Percentage of households with satellite internet service,Percentage of households,ACS_PCT_HH_SAT_INTERNET,SDOH
Percentage of households with dial up and no other type of internet subscription,Percentage of households,ACS_PCT_HH_DIAL_INTERNET_ONLY,SDOH
Percentage of female population divorced or separated (ages 15 and over),Percentage of female,ACS_PCT_DIVORCED_F,SDOH
Percentage of male population divorced or separated (ages 15 and over),Percentage of male,ACS_PCT_DIVORCED_M,SDOH
Percentage of female population now married and spouse absent (ages 15 and over),Percentage of female,ACS_PCT_MARRIED_SP_AB_F,SDOH
Percentage of male population now married and spouse absent (ages 15 and over),Percentage of male,ACS_PCT_MARRIED_SP_AB_M,SDOH
Percentage of female population now married and spouse present (ages 15 and over),Percentage of female,ACS_PCT_MARRIED_SP_PR_F,SDOH
Percentage of male population now married and spouse present (ages 15 and over),Percentage of male,ACS_PCT_MARRIED_SP_PR_M,SDOH
Percentage of female population never married (ages 15 and over),Percentage of female,ACS_PCT_NVR_MARRIED_F,SDOH
Percentage of male population never married (ages 15 and over),Percentage of male,ACS_PCT_NVR_MARRIED_M,SDOH
Percentage of female population now widowed (ages 15 and over),Percentage of female,ACS_PCT_WIDOWED_F,SDOH
Percentage of male population now widowed (ages 15 and over),Percentage of male,ACS_PCT_WIDOWED_M,SDOH
Percentage of population with same-sex unmarried partner,Percentage of population,ACS_PCT_POP_SAME_SEX_UNMRD_P,SDOH
Percentage of population with same-sex spouse,Percentage of population,ACS_PCT_POP_SAME_SEX_SPOUSE,SDOH
Percentage of civilian employed population working in public administration (ages 16 and over),Percentage of civilian,ACS_PCT_ADMIN,SDOH
"Percentage of employed working in arts, entertainment, recreation, and accommodation and food services (ages 16 and over)",Percentage of employed,ACS_PCT_ART,SDOH
Percentage of employed working in construction (ages 16 and over),Percentage of employed,ACS_PCT_CONSTRUCT,SDOH
"Percentage of employed working in educational services, and healthcare and social assistance (ages 16 and over)",Percentage of employed,ACS_PCT_EDUC,SDOH
"Percentage of employed working in finance and insurance, real estate, and rental and leasing (ages 16 and over)",Percentage of employed,ACS_PCT_FINANCE,SDOH
Percentage of civilian employed population who are government workers (ages 16 and over),Percentage of civilian,ACS_PCT_GOVT,SDOH
Percentage of employed working in information services (ages 16 and over),Percentage of employed,ACS_PCT_INFORM,SDOH
Percentage of employed working in manufacturing (ages 16 and over),Percentage of employed,ACS_PCT_MANUFACT,SDOH
"Percentage of employed working in agriculture, forestry, fishing and hunting, and mining (ages 16 and over)",Percentage of employed,ACS_PCT_NATURE,SDOH
"Percentage of employed working in other services, except public administration (ages 16 and over)",Percentage of employed,ACS_PCT_OTHER,SDOH
"Percentage of employed working in professional, scientific, management, administrative, and waste management services (ages 16 and over)",Percentage of employed,ACS_PCT_PROFESS,SDOH
Percentage of population who are private not-for-profit wage and salary workers (ages 16 and over),Percentage of population,ACS_PCT_PVT_NONPROFIT,SDOH
Percentage of population who are private for-profit wage and salary workers (ages 16 and over),Percentage of population,ACS_PCT_PVT_PROFIT,SDOH
Percentage of employed working in retail trade (ages 16 and over),Percentage of employed,ACS_PCT_RETAIL,SDOH
"Percentage of employed working in transportation and warehousing, and in utilities (ages 16 and over)",Percentage of employed,ACS_PCT_TRANSPORT,SDOH
Percentage of employed working in wholesale trade (ages 16 and over),Percentage of employed,ACS_PCT_WHOLESALE,SDOH
Percentage of female population who worked in place of residence (ages 16 and over),Percentage of female,ACS_PCT_WORK_RES_F,SDOH
Percentage of male population who worked in place of residence (ages 16 and over),Percentage of male,ACS_PCT_WORK_RES_M,SDOH
Percentage of civilian labor force that is employed (ages 16 and over),Percentage of civilian,ACS_PCT_EMPLOYED,SDOH
Percentage of civilian labor force that is unemployed (ages 16 and over),Percentage of civilian,ACS_PCT_UNEMPLOY,SDOH
Percentage of population not in labor force (ages 16 and over),Percentage of population,ACS_PCT_NOT_LABOR,SDOH
Percentage of civilian veterans that are unemployed (between ages 18 and 64),Percentage of civilian,ACS_PCT_VET_UNEMPL_18_64,SDOH
Percentage of civilian veterans in labor force (between ages 18 and 64),Percentage of civilian,ACS_PCT_VET_LABOR_FORCE_18_64,SDOH
Percentage of population in armed forces (ages 16 and over),Percentage of population,ACS_PCT_ARMED_FORCES,SDOH
Gini index of income inequality,Gini index of,ACS_GINI_INDEX,SDOH
"Median income of grandparent householder and/or spouse responsible for grandchildren under 18 and no parent present (dollars, inflation-adjusted to data file year)",Median income of,ACS_MDN_GRNDPRNT_NO_PRNT_INC,SDOH
"Median income of grandparent householder and/or spouse responsible for grandchildren under 18 (dollars, inflation-adjusted to data file year)",Median income of,ACS_MDN_GRNDPRNT_INC,SDOH
"Median household income for households with an American Indian and Alaska Native alone householder (dollars, inflation-adjusted to data file year)",Median household income,ACS_MEDIAN_HH_INC_AIAN,SDOH
"Median household income for households with an Asian alone householder (dollars, inflation-adjusted to data file year)",Median household income,ACS_MEDIAN_HH_INC_ASIAN,SDOH
"Median household income for households with a Black or African American alone householder (dollars, inflation-adjusted to data file year)",Median household income,ACS_MEDIAN_HH_INC_BLACK,SDOH
"Median household income for households with a Hispanic or Latino householder (dollars, inflation-adjusted to data file year)",Median household income,ACS_MEDIAN_HH_INC_HISP,SDOH
"Median household income for households with a two or more races householder (dollars, inflation-adjusted to data file year)",Median household income,ACS_MEDIAN_HH_INC_MULTI,SDOH
"Median household income for households with a Native Hawaiian and other Pacific Islander alone householder (dollars, inflation-adjusted to data file year)",Median household income,ACS_MEDIAN_HH_INC_NHPI,SDOH
"Median household income for households with a some other race alone householder (dollars, inflation-adjusted to data file year)",Median household income,ACS_MEDIAN_HH_INC_OTHER,SDOH
"Median household income for households with a White alone, not Hispanic or Latino householder (dollars, inflation-adjusted to data file year)",Median household income,ACS_MEDIAN_HH_INC_WHITE,SDOH
"Median household income (dollars, inflation-adjusted to data file year)",Median household income,ACS_MEDIAN_HH_INC,SDOH
"Median income of female population (dollars, ages 15 and over with income in the past 12 months, inflation-adjusted to data file year)",Median income of,ACS_MEDIAN_INC_F,SDOH
"Median income of male population (dollars, ages 15 and over with income in the past 12 months, inflation-adjusted to data file year)",Median income of,ACS_MEDIAN_INC_M,SDOH
"Median income of civilian nonveteran population (dollars, ages 18 and over, inflation-adjusted to data file year)",Median income of,ACS_MEDIAN_NONVET_INC,SDOH
"Median income of civilian veterans (dollars, ages 18 and over, inflation-adjusted to data file year)",Median income of,ACS_MEDIAN_VET_INC,SDOH
Percentage of population with income to poverty ratio under 0.50 (ages 65 and over),Percentage of population,ACS_PCT_INC50_ABOVE65,SDOH
Percentage of children with income to poverty ratio under 0.50 (ages 17 and below),Percentage of children,ACS_PCT_INC50_BELOW17,SDOH
Percentage of population under 1.37 of the poverty threshold (relevant for health insurance coverage),Percentage of population,ACS_PCT_HEALTH_INC_BELOW137,SDOH
Percentage of population between 1.38 and 1.99 of the poverty threshold (relevant for health insurance coverage),Percentage of population,ACS_PCT_HEALTH_INC_138_199,SDOH
Percentage of population between 2.00 and 3.99 of the poverty threshold (relevant for health insurance coverage),Percentage of population,ACS_PCT_HEALTH_INC_200_399,SDOH
Percentage of population over 4.00 of the poverty threshold (relevant for health insurance coverage),Percentage of population,ACS_PCT_HEALTH_INC_ABOVE400,SDOH
"Percentage of population with household income less than $10,000",Percentage of population,ACS_PCT_HH_INC_10000,SDOH
"Percentage of population with household income greater than $100,000",Percentage of population,ACS_PCT_HH_INC_100000,SDOH
"Percentage of population with household income between $10,000 and $14,999",Percentage of population,ACS_PCT_HH_INC_14999,SDOH
"Percentage of population with household income between $15,000 and $24,999",Percentage of population,ACS_PCT_HH_INC_24999,SDOH
"Percentage of population with household income between $25,000 and $49,999",Percentage of population,ACS_PCT_HH_INC_49999,SDOH
"Percentage of population with household income between $50,000 and $99,999",Percentage of population,ACS_PCT_HH_INC_99999,SDOH
Percentage of population with income to poverty ratio under 0.50,Percentage of population,ACS_PCT_INC50,SDOH
Percentage of civilian nonveterans with income below the poverty level in the past 12 months (between ages 18 and 64),Percentage of civilian,ACS_PCT_NONVET_POV_18_64,SDOH
Percentage of civilian veterans with income below the poverty level in past 12 months (between ages 18 and 64),Percentage of civilian,ACS_PCT_VET_POV_18_64,SDOH
Percentage of population with an income to poverty ratio between 1.00 and 1.24,Percentage of population,ACS_PCT_PERSON_INC_100_124,SDOH
Percentage of population with an income to poverty ratio between 1.25 and 1.99,Percentage of population,ACS_PCT_PERSON_INC_125_199,SDOH
Percentage of population with an income to poverty ratio of 2.00 or higher,Percentage of population,ACS_PCT_PERSON_INC_ABOVE200,SDOH
Percentage of population with an income to poverty ratio under 1.00,Percentage of population,ACS_PCT_PERSON_INC_BELOW99,SDOH
"Per capita income (dollars, inflation-adjusted to data file year)",Per capita income,ACS_PER_CAPITA_INC,SDOH
Percentage of American Indian or Alaska Native population below poverty level,Percentage of American,ACS_PCT_POV_AIAN,SDOH
Percentage of Asian population below poverty level,Percentage of Asian,ACS_PCT_POV_ASIAN,SDOH
Percentage of Black or African American population below poverty level,Percentage of Black,ACS_PCT_POV_BLACK,SDOH
Percentage of Hispanic or Latino population below poverty level,Percentage of Hispanic,ACS_PCT_POV_HISPANIC,SDOH
Percentage of two or more races population below poverty level,Percentage of two,ACS_PCT_POV_MULTI,SDOH
Percentage of Native Hawaiian or Pacific Islander population below poverty level,Percentage of Native,ACS_PCT_POV_NHPI,SDOH
Percentage of some other race population below poverty level,Percentage of some,ACS_PCT_POV_OTHER,SDOH
"Percentage of White, not Hispanic population below poverty level","Percentage of White,",ACS_PCT_POV_WHITE,SDOH
Percentage of unmarried partner households that received food stamps/SNAP benefits,Percentage of unmarried,ACS_PCT_HH_1FAM_FOOD_STMP,SDOH
"Percentage of households that received food stamps/SNAP, past 12 months",Percentage of households,ACS_PCT_HH_FOOD_STMP,SDOH
Percentage of households with public assistance income or food stamps/SNAP,Percentage of households,ACS_PCT_HH_PUB_ASSIST,SDOH
Percentage of households receiving food stamps/SNAP with income below the poverty level,Percentage of households,ACS_PCT_HH_FOOD_STMP_BLW_POV,SDOH
Percentage of households not receiving food stamps/SNAP with income below the poverty level,Percentage of households,ACS_PCT_HH_NO_FD_STMP_BLW_POV,SDOH
Percentage of population with some college or associate's degree (ages 25 and over),Percentage of population,ACS_PCT_COLLEGE_ASSOCIATE_DGR,SDOH
Percentage of population with a bachelor's degree (ages 25 and over),Percentage of population,ACS_PCT_BACHELOR_DGR,SDOH
Percentage of teens and adults who are unemployed and not in school (between ages 16 and 19),Percentage of teens,ACS_PCT_NO_WORK_NO_SCHL_16_19,SDOH
Percentage of population with a master's or professional school degree or doctorate (ages 25 and over),Percentage of population,ACS_PCT_GRADUATE_DGR,SDOH
Percentage of population with only high school diploma (ages 25 and over),Percentage of population,ACS_PCT_HS_GRADUATE,SDOH
Percentage of population with less than high school education (ages 25 and over),Percentage of population,ACS_PCT_LT_HS,SDOH
Percentage of population with any postsecondary education (ages 25 and over),Percentage of population,ACS_PCT_POSTHS_ED,SDOH
Percentage of civilian veterans that have a bachelor's degree or higher (ages 25 and over),Percentage of civilian,ACS_PCT_VET_BACHELOR,SDOH
Percentage of civilian veterans that have some college education or an associate's degree (ages 25 and over),Percentage of civilian,ACS_PCT_VET_COLLEGE,SDOH
Percentage of civilian veterans who are high school graduates or less than high school graduates (age 25 years and over),Percentage of civilian,ACS_PCT_VET_HS,SDOH
Median home value of owner-occupied housing units (dollars),Median home value,ACS_MEDIAN_HOME_VALUE,SDOH
Median gross rent (dollars),Median gross rent,ACS_MEDIAN_RENT,SDOH
Percentage of renter-occupied housing units with more than one occupant per room,Percentage of renter-occupied,ACS_PCT_1UP_RENT_1ROOM,SDOH
Percentage of owner-occupied housing units with more than one occupant per room,Percentage of owner-occupied,ACS_PCT_1UP_OWNER_1ROOM,SDOH
Percentage of housing units with more than one occupant per room,Percentage of housing,ACS_PCT_1UP_PERS_1ROOM,SDOH
Percentage of households with only one occupant,Percentage of households,ACS_PCT_HH_1PERS,SDOH
Percentage of housing in structures with 10 or more units,Percentage of housing,ACS_PCT_10UNITS,SDOH
Percentage of persons in institutionalized group quarters,Percentage of persons,ACS_PCT_GRP_QRT,SDOH
Percentage of housing units that are mobile homes,Percentage of housing,ACS_PCT_HU_MOBILE_HOME,SDOH
Percentage of occupied housing units: owner-occupied,Percentage of occupied,ACS_PCT_OWNER_HU,SDOH
Percentage of owner-occupied housing units with children,Percentage of owner-occupied,ACS_PCT_OWNER_HU_CHILD,SDOH
Percentage of occupied housing units: rented,Percentage of occupied,ACS_PCT_RENTER_HU,SDOH
Percentage of renter-occupied housing units occupied by householders aged 65 and above,Percentage of renter-occupied,ACS_PCT_RENTER_HU_ABOVE65,SDOH
Percentage of renter-occupied housing units with children,Percentage of renter-occupied,ACS_PCT_RENTER_HU_CHILD,SDOH
Percentage of renter-occupied housing units with rent equal to 30 percent or more of household income,Percentage of renter-occupied,ACS_PCT_RENTER_HU_COST_30PCT,SDOH
Percentage of renter-occupied housing units with rent equal to 50 percent or more of household income,Percentage of renter-occupied,ACS_PCT_RENTER_HU_COST_50PCT,SDOH
Percentage of housing units vacant,Percentage of housing,ACS_PCT_VACANT_HU,SDOH
Percentage of occupied housing units without fuel,Percentage of occupied,ACS_PCT_HU_NO_FUEL,SDOH
Percentage of occupied housing units with utility gas heating,Percentage of occupied,ACS_PCT_HU_UTILITY_GAS,SDOH
"Percentage of occupied housing units with bottled, tank, or LP gas",Percentage of occupied,ACS_PCT_HU_BOT_TANK_LP_GAS,SDOH
Percentage of occupied housing units with fuel oil heating,Percentage of occupied,ACS_PCT_HU_OIL,SDOH
Percentage of occupied housing units with wood heating,Percentage of occupied,ACS_PCT_HU_WOOD,SDOH
Percentage of occupied housing units with coal or coke heating,Percentage of occupied,ACS_PCT_HU_COAL,SDOH
Percentage of occupied housing units with other heating fuel,Percentage of occupied,ACS_PCT_HU_OTHER,SDOH
Percentage of occupied housing units with electricity heating,Percentage of occupied,ACS_PCT_HU_ELEC,SDOH
Percentage of occupied housing units with solar energy,Percentage of occupied,ACS_PCT_HU_SOLAR,SDOH
Median selected monthly owner costs for houses with a mortgage (dollars),Median selected monthly,ACS_MDN_OWNER_COST_MORTGAGE,SDOH
Median selected monthly owner costs for houses without a mortgage (dollars),Median selected monthly,ACS_MDN_OWNER_COST_NO_MORTG,SDOH
Percentage of owner-occupied housing units with selected monthly owner costs equal to 30 percent or more of household income,Percentage of owner-occupied,ACS_PCT_OWNER_HU_COST_30PCT,SDOH
Percentage of owner-occupied housing units with selected monthly owner costs equal to 50 percent or more of household income,Percentage of owner-occupied,ACS_PCT_OWNER_HU_COST_50PCT,SDOH
Median year structure built of housing units,Median year structure,ACS_MEDIAN_YEAR_BUILT,SDOH
Percentage of housing units built before 1979,Percentage of housing,ACS_PCT_HU_BUILT_1979,SDOH
Percentage of housing units lacking complete kitchen facilities,Percentage of housing,ACS_PCT_HU_KITCHEN,SDOH
Percentage of housing units lacking complete plumbing facilities,Percentage of housing,ACS_PCT_HU_PLUMBING,SDOH
Percentage of population that moved from different county within same state in the past year (age 1 and over),Percentage of population,ACS_PCT_IN_STATE_MOVE,SDOH
Percentage of population that moved within the same county in the past year (age 1 and over),Percentage of population,ACS_PCT_IN_COUNTY_MOVE,SDOH
Percentage of population that moved from different state in the past year (age 1 and over),Percentage of population,ACS_PCT_DIF_STATE,SDOH
Percentage of households with one or more people 65 years and over,Percentage of households,ACS_PCT_HH_ABOVE65,SDOH
Percentage of households with a person 65 years and over living alone,Percentage of households,ACS_PCT_HH_ALONE_ABOVE65,SDOH
Percentage of workers with < 15-minute commute time (ages 16 and over),Percentage of workers,ACS_PCT_COMMT_15MIN,SDOH
Percentage of workers with 15- to 29-minute commute time (ages 16 and over),Percentage of workers,ACS_PCT_COMMT_29MIN,SDOH
Percentage of workers with 30- to 59-minute commute time (ages 16 and over),Percentage of workers,ACS_PCT_COMMT_59MIN,SDOH
Percentage of workers with at least 60-minute commute time (ages 16 and over),Percentage of workers,ACS_PCT_COMMT_60MINUP,SDOH
Percentage of housing units with no vehicle available,Percentage of housing,ACS_PCT_HU_NO_VEH,SDOH
Percentage of workers in households with no vehicle available (ages 16 and over),Percentage of workers,ACS_PCT_WORK_NO_CAR,SDOH
"Percentage of workers taking a car, truck, or van to work (ages 16 and over)",Percentage of workers,ACS_PCT_DRIVE_2WORK,SDOH
"Percentage of workers taking public transportation, excluding taxicab (ages 16 and over)",Percentage of workers,ACS_PCT_PUBL_TRANSIT,SDOH
Percentage of workers who use public transportation with < 15-minute commute time (ages 16 and over),Percentage of workers,ACS_PCT_PUB_COMMT_15MIN,SDOH
Percentage of workers who use public transportation with 15- to 29-minute commute time (ages 16 and over),Percentage of workers,ACS_PCT_PUB_COMMT_29MIN,SDOH
Percentage of workers who use public transportation with 30- to 59-minute commute time (ages 16 and over),Percentage of workers,ACS_PCT_PUB_COMMT_59MIN,SDOH
Percentage of workers who use public transportation with at least 60-minute commute time (ages 16 and over),Percentage of workers,ACS_PCT_PUB_COMMT_60MINUP,SDOH
"Percentage of workers taking taxicab, motorcycle, bicycle, or other means to work (ages 16 and over)",Percentage of workers,ACS_PCT_TAXICAB_2WORK,SDOH
Percentage of workers walking to work (ages 16 and over),Percentage of workers,ACS_PCT_WALK_2WORK,SDOH
Percentage of population with any Medicaid/means-tested public health insurance coverage,Percentage of population,ACS_PCT_MEDICAID_ANY,SDOH
Percentage of population with any Medicaid/means-tested public health insurance coverage (ages 64 and below),Percentage of population,ACS_PCT_MEDICAID_ANY_BELOW64,SDOH
Percentage of population with Medicare only,Percentage of population,ACS_PCT_MEDICARE_ONLY,SDOH
Percentage of population with other health insurance coverage combinations,Percentage of population,ACS_PCT_OTHER_INS,SDOH
Percentage of population with employer-based and direct-purchase coverage,Percentage of population,ACS_PCT_PVT_EMPL_DRCT,SDOH
Percentage of population with employer-based and direct-purchase coverage (ages 64 and below),Percentage of population,ACS_PCT_PVT_EMPL_DRCT_BELOW64,SDOH
Percentage of population with any private health insurance coverage,Percentage of population,ACS_PCT_PRIVATE_ANY,SDOH
Percentage of population with any private health insurance coverage (ages 64 and below),Percentage of population,ACS_PCT_PRIVATE_ANY_BELOW64,SDOH
Percentage of population with employer-based health insurance,Percentage of population,ACS_PCT_PRIVATE_EMPL,SDOH
Percentage of population with employer-based health insurance only (ages 64 and below),Percentage of population,ACS_PCT_PRIVATE_EMPL_BELOW64,SDOH
Percentage of population with employer-based and Medicare insurance coverage,Percentage of population,ACS_PCT_PRIVATE_MDCR,SDOH
Percentage of population with direct-purchase and Medicare health insurance (between ages 35 and 64),Percentage of population,ACS_PCT_PRIVATE_MDCR_35_64,SDOH
Percentage of population with other private-only health insurance combinations,Percentage of population,ACS_PCT_PRIVATE_OTHER,SDOH
Percentage of population with other private-only health insurance combinations (ages 64 and below),Percentage of population,ACS_PCT_PRIVATE_OTHER_BELOW64,SDOH
Percentage of population with direct-purchase health insurance only,Percentage of population,ACS_PCT_PRIVATE_SELF,SDOH
Percentage of population with direct-purchase health insurance only (ages 64 and below),Percentage of population,ACS_PCT_PRIVATE_SELF_BELOW64,SDOH
"Percentage of population with Medicare, Medicaid, TRICARE/military, U.S. Department of Veterans Affairs (VA) coverage and other public-only health insurance combinations",Percentage of population,ACS_PCT_PUBLIC_ONLY,SDOH
Percentage of population with other public-only health insurance combinations,Percentage of population,ACS_PCT_PUBLIC_OTHER,SDOH
Percentage of population with other public-only health insurance combinations (ages 64 and below),Percentage of population,ACS_PCT_PUBLIC_OTHER_BELOW64,SDOH
Percentage of population with direct-purchase and Medicare health insurance (ages 35 and over),Percentage of population,ACS_PCT_SELF_MDCR_ABOVE35,SDOH
Percentage of population with TRICARE/military or VA health insurance coverage only,Percentage of population,ACS_PCT_TRICARE_VA,SDOH
Percentage of population with TRICARE/military or VA coverage only (ages 64 and below),Percentage of population,ACS_PCT_TRICARE_VA_BELOW64,SDOH
Percentage of population with no health insurance coverage,Percentage of population,ACS_PCT_UNINSURED,SDOH
Percentage of population with no health insurance (ages 64 and below),Percentage of population,ACS_PCT_UNINSURED_BELOW64,SDOH
USDA Rural-Urban Continuum Code 2013,USDA Rural-Urban Continuum,AHRF_USDA_RUCC_2013,SDOH
Estimate of veteran population,Estimate of veteran,AHRF_VET,SDOH
Estimate of male veteran population,Estimate of male,AHRF_VET_MALE,SDOH
Estimate of female veteran population,Estimate of female,AHRF_VET_FEMALE,SDOH
Unemployment rate per 100 population (ages 16 and over),Unemployment rate per,AHRF_UNEMPLOYED_RATE,SDOH
Total number of days air quality is measured,Total number of,AHRF_DAYS_AIR_QLT,SDOH
Percentage of days with good air quality,Percentage of days,AHRF_PCT_GOOD_AQ,SDOH
Total number of designated toxic sites with insufficient data,Total number of,AHRF_TXC_SITE_NO_DATA,SDOH
Total number of designated toxic sites under control,Total number of,AHRF_TXC_SITE_CNTRL,SDOH
Total number of designated toxic sites not under control,Total number of,AHRF_TXC_SITE_NO_CNTRL,SDOH
Health Professional Shortage Area (HPSA) code-shortage of dentists,Health Professional Shortage,AHRF_HPSA_DENTIST,SDOH
Health Professional Shortage Area (HPSA) code-shortage of mental healthcare providers,Health Professional Shortage,AHRF_HPSA_MENTAL,SDOH
Health Professional Shortage Area (HPSA) code-shortage of primary care physicians,Health Professional Shortage,AHRF_HPSA_PRIM,SDOH
Total number of Health Insurance Marketplace enrollees,Total number of,AHRF_MARKET_ENROL,SDOH
"Total number of Marketplace enrollees, new consumers",Total number of,AHRF_MARKET_ENROL_NEW,SDOH
"Total number of Marketplace enrollees, active reenrollees",Total number of,AHRF_MARKET_ENROL_ACTIVE,SDOH
"Total number of Marketplace enrollees, automatic reenrollees",Total number of,AHRF_MARKET_ENROL_AUTO,SDOH
"Total number of Marketplace enrollees, household income 100% to 150% of FPL",Total number of,AHRF_MARKET_ENROL_150,SDOH
"Total number of Marketplace enrollees, household income >150% to 200% of FPL",Total number of,AHRF_MARKET_ENROL_200,SDOH
"Total number of Marketplace enrollees, household income >200% to 250% of FPL",Total number of,AHRF_MARKET_ENROL_250,SDOH
"Total number of Marketplace enrollees, household income >250% to 300% of FPL",Total number of,AHRF_MARKET_ENROL_300,SDOH
"Total number of Marketplace enrollees, household income >300% to 400% of FPL",Total number of,AHRF_MARKET_ENROL_400,SDOH
"Total number of Marketplace enrollees, other federal poverty level",Total number of,AHRF_MARKET_ENROL_OTHER,SDOH
"Total number of Marketplace enrollees, no financial assistance requested",Total number of,AHRF_MARKET_ENROL_NO_ASST,SDOH
Total number of Medicare prescription drug plan enrollees,Total number of,AHRF_PRESC_ENROLLMENT,SDOH
Percentage of Medicare eligible beneficiaries enrolled in a prescription drug plan per 100 population,Percentage of Medicare,AHRF_PCT_PRESC_PEN,SDOH
Total number of advanced practice registered nurses with NPI,Total number of,AHRF_TOT_ADV_NURSES,SDOH
"Total number of advanced practice registered nurses with NPI per 1,000 population",Total number of,AHRF_ADV_NURSES_RATE,SDOH
Total number of clinical nurse specialists with NPI,Total number of,AHRF_TOT_CLIN_NURSE_SPEC,SDOH
"Total number of clinical nurse specialists with NPI per 1,000 population",Total number of,AHRF_CLIN_NURSE_SPEC_RATE,SDOH
Total number of dentists with NPI,Total number of,AHRF_TOT_DENTISTS,SDOH
"Total number of dentists with NPI per 1,000 population",Total number of,AHRF_DENTISTS_RATE,SDOH
Total number of certified registered nurse anesthetists with NPI,Total number of,AHRF_TOT_NURSE_ANESTH,SDOH
"Total number of certified registered nurse anesthetists with NPI per 1,000 population",Total number of,AHRF_NURSE_ANESTH_RATE,SDOH
Total number of advanced practice nurse midwives with NPI,Total number of,AHRF_TOT_NURSE_MIDWIVES,SDOH
"Total number of advanced practice nurse midwives with NPI per 1,000 population",Total number of,AHRF_NURSE_MIDWIVES_RATE,SDOH
Total number of nurse practitioners with NPI,Total number of,AHRF_TOT_NURSE_PRACT,SDOH
"Total number of nurse practitioners with NPI per 1,000 population",Total number of,AHRF_NURSE_PRACT_RATE,SDOH
Total number of physician assistants with NPI,Total number of,AHRF_TOT_PHYSICIAN_ASSIST,SDOH
"Total number of physician assistants with NPI per 1,000 population",Total number of,AHRF_PHYSICIAN_ASSIST_RATE,SDOH
Total number of syringe exchange programs,Total number of,AMFAR_SSP,SDOH
"Total number of syringe exchange programs per 1,000 population",Total number of,AMFAR_SSP_RATE,SDOH
Total number of substance abuse services facilities accepting Medicaid,Total number of,AMFAR_TOT_MEDSAFAC,SDOH
"Total number of substance abuse services facilities accepting Medicaid per 1,000 population",Total number of,AMFAR_MEDSAFAC_RATE,SDOH
Total number of substance abuse treatment facilities with all three medication assisted treatment services,Total number of,AMFAR_TOT_AMATFAC,SDOH
"Total number of substance abuse treatment facilities with all three medication assisted treatment servicesÂ per 1,000 population",Total number of,AMFAR_AMATFAC_RATE,SDOH
Total number of substance abuse facilities offering hepatitis C screening,Total number of,AMFAR_TOT_HCVTFAC,SDOH
"Total number of substance abuse facilities offering hepatitis C screening per 1,000 population",Total number of,AMFAR_HCVTFAC_RATE,SDOH
Total number of substance abuse facilities offering both HIV test and hepatitis C screening,Total number of,AMFAR_TOT_HIVHCVTFAC,SDOH
"Total number of substance abuse facilities offering both HIV test and hepatitis C screening per 1,000 population",Total number of,AMFAR_HIVHCVTFAC_RATE,SDOH
Total number of substance abuse facilities offering HIV testing,Total number of,AMFAR_TOT_HIVTFAC,SDOH
"Total number of substance abuse facilities offering HIV testing per 1,000 population",Total number of,AMFAR_HIVTFAC_RATE,SDOH
Total number of substance abuse treatment facilities offering all three medication assisted treatment services that accept Medicaid,Total number of,AMFAR_TOT_MEDAMATFAC,SDOH
"Total number of substance abuse treatment facilities offering all three medication assisted treatment services that accept Medicaid per 1,000 population",Total number of,AMFAR_MEDAMATFAC_RATE,SDOH
Total number of substance abuse facilities offering hepatitis C screening and accept Medicaid,Total number of,AMFAR_TOT_MEDHCVTFAC,SDOH
"Total number of substance abuse facilities offering hepatitis C screening and accept Medicaid per 1,000 population",Total number of,AMFAR_MEDHCVTFAC_RATE,SDOH
Total number of substance abuse facilities offering both HIV test and hepatitis C screening and accept Medicaid,Total number of,AMFAR_TOT_MEDHIVHCVTFAC,SDOH
"Total number of substance abuse facilities offering both HIV test and hepatitis C screening and accept Medicaid per 1,000 population",Total number of,AMFAR_MEDHIVHCVTFAC_RATE,SDOH
Total number of substance abuse facilities offering HIV testing and accept Medicaid,Total number of,AMFAR_TOT_MEDHIVTFAC,SDOH
"Total number of substance abuse facilities offering HIV testing and accept Medicaid per 1,000 population",Total number of,AMFAR_MEDHIVTFAC_RATE,SDOH
Total number of facilities that provide mental health services and accept Medicaid,Total number of,AMFAR_TOT_MEDMHFAC,SDOH
"Total number of facilities that provide mental health services and accept Medicaid per 1,000 population",Total number of,AMFAR_MEDMHFAC_RATE,SDOH
Total number of facilities that provide mental health services,Total number of,AMFAR_TOT_MHFAC,SDOH
"Total number of facilities that provide mental health services per 1,000 population",Total number of,AMFAR_MHFAC_RATE,SDOH
Adjacent county 1 FIPS Code (state and county),Adjacent county 1,CAF_ADJ_COUNTY_1,SDOH
Adjacent county 2 FIPS Code (state and county),Adjacent county 2,CAF_ADJ_COUNTY_2,SDOH
Adjacent county 3 FIPS Code (state and county),Adjacent county 3,CAF_ADJ_COUNTY_3,SDOH
Adjacent county 4 FIPS Code (state and county),Adjacent county 4,CAF_ADJ_COUNTY_4,SDOH
Adjacent county 5 FIPS Code (state and county),Adjacent county 5,CAF_ADJ_COUNTY_5,SDOH
Adjacent county 6 FIPS Code (state and county),Adjacent county 6,CAF_ADJ_COUNTY_6,SDOH
Adjacent county 7 FIPS Code (state and county),Adjacent county 7,CAF_ADJ_COUNTY_7,SDOH
Adjacent county 8 FIPS Code (state and county),Adjacent county 8,CAF_ADJ_COUNTY_8,SDOH
Adjacent county 9 FIPS Code (state and county),Adjacent county 9,CAF_ADJ_COUNTY_9,SDOH
Adjacent county 10 FIPS Code (state and county),Adjacent county 10,CAF_ADJ_COUNTY_10,SDOH
Adjacent county 11 FIPS Code (state and county),Adjacent county 11,CAF_ADJ_COUNTY_11,SDOH
Adjacent county 12 FIPS Code (state and county),Adjacent county 12,CAF_ADJ_COUNTY_12,SDOH
Adjacent county 13 FIPS Code (state and county),Adjacent county 13,CAF_ADJ_COUNTY_13,SDOH
Adjacent county 14 FIPS Code (state and county),Adjacent county 14,CAF_ADJ_COUNTY_14,SDOH
Total Population (CDC Wonder),Total Population (CDC,CDCW_TOT_POPULATION,SDOH
"Total number of deaths from injury per 100,000 population",Total number of,CDCW_INJURY_DTH_RATE,SDOH
"Total number of deaths from transport accidents per 100,000 population",Total number of,CDCW_TRANSPORT_DTH_RATE,SDOH
"Total number of deaths from intentional self harm per 100,000 population",Total number of,CDCW_SELFHARM_DTH_RATE,SDOH
"Total number of deaths from assault per 100,000 population",Total number of,CDCW_ASSAULT_DTH_RATE,SDOH
"Total number of maternal deaths per 100,000 population",Total number of,CDCW_MATERNAL_DTH_RATE,SDOH
"Total number of drug overdose deaths involving any opioid per 100,000 population",Total number of,CDCW_OPIOID_DTH_RATE,SDOH
"Total number of drug poisoning deaths per 100,000 population",Total number of,CDCW_DRUG_DTH_RATE,SDOH
Land area in square miles,Land area in,CEN_AREALAND_SQM_COUNTY,SDOH
Population density (County),Population density (County),CEN_POPDENSITY_COUNTY,SDOH
Total number of mental health care providers,Total number of,CHR_TOT_MENTAL_PROV,SDOH
"Total number of mental health care providers per 100,000 population",Total number of,CHR_MENTAL_PROV_RATE,SDOH
Total county population (Denominator for provider rate),Total county population,CHR_TOT_POPULATION,SDOH
Total number of Medicare eligibles in the county,Total number of,MP_MEDICARE_ELIGIBLES,SDOH
Total number of Medicare Advantage enrollees in the county,Total number of,MP_MEDICARE_ADVTG_ENROLLED,SDOH
Percentage of Medicare eligible beneficiaries enrolled in a Medicare Advantage plan per 100 population,Percentage of Medicare,MP_PCT_ADVTG_PEN,SDOH
NCHS 2006 Rural-Urban Classification Scheme,NCHS 2006 Rural-Urban,NCHS_URCS_2006,SDOH
NCHS 2013 Rural-Urban Classification Scheme,NCHS 2013 Rural-Urban,NCHS_URCS_2013,SDOH
"Mean concentration of arsenic in community water systems (micrograms per liter), by year",Mean concentration of,NEPHTN_ARSENIC_MEAN_CSW,SDOH
"Mean concentration of arsenic at the population level (micrograms per liter), by year",Mean concentration of,NEPHTN_ARSENIC_MEAN_POP,SDOH
Percentage of population in the county served by community water systems with yearly distribution of mean arsenic concentration not detected,Percentage of population,NEPHTN_PCT_ARSENIC_MCL_NOTDETECT,SDOH
Percentage of population in the county served by community water systems with yearly distribution of mean arsenic concentration <10,Percentage of population,NEPHTN_PCT_ARSENIC_MCL_LESS10,SDOH
Percentage of population in the county served by community water systems with yearly distribution of mean arsenic concentration >10,Percentage of population,NEPHTN_PCT_ARSENIC_MCL_GREATER10,SDOH
"Total number of days with daily maximum heat index, absolute threshold: 90Â°F",Total number of,NEPHTN_HEATIND_90,SDOH
"Total number of days with daily maximum heat index, absolute threshold: 95Â°F",Total number of,NEPHTN_HEATIND_95,SDOH
"Total number of days with daily maximum heat index, absolute threshold: 100Â°F",Total number of,NEPHTN_HEATIND_100,SDOH
"Total number of days with daily maximum heat index, absolute threshold: 105Â°F",Total number of,NEPHTN_HEATIND_105,SDOH
Maximum number of consecutive weeks of cumulative moderate drought or worse per year,Maximum number of,NEPHTN_MAXDROUGHT,SDOH
Total number of weeks of cumulative moderate drought or worse per year,Total number of,NEPHTN_NUMDROUGHT,SDOH
"Total number of days with daily maximum temperature, absolute threshold: 90Â°F",Total number of,NEPHTN_TEMPERATURE_90,SDOH
"Total number of days with daily maximum temperature, absolute threshold: 95Â°F",Total number of,NEPHTN_TEMPERATURE_95,SDOH
"Total number of days with daily maximum temperature, absolute threshold: 100Â°F",Total number of,NEPHTN_TEMPERATURE_100,SDOH
"Total number of days with daily maximum temperature, absolute threshold: 105Â°F",Total number of,NEPHTN_TEMPERATURE_105,SDOH
Average hours per day of licensed staff (RN+LPN) per reporting facility,Average hours per,NHC_AVG_LIC_STAFF,SDOH
Average reported hours per day of total nurse staff (RN+LPN+Aide) per reporting facility,Average reported hours,NHC_AVG_REP_NURSE_STAFF,SDOH
Average adjusted hours per day of total nurse staff (RN+LPN+Aide) per reporting facility,Average adjusted hours,NHC_AVG_ADJ_NURSE_STAFF,SDOH
Total number of nursing home facilities,Total number of,NHC_TOT_FACS,SDOH
"Total number of nursing home facilities per 100,000 people",Total number of,NHC_FACS_RATE,SDOH
2nd highest 1-hour measurement of Carbon Monoxide (CO) in the year (ppm),2nd highest 1-hour,EPAA_2NDMAX_CO_1HR,SDOH
2nd highest non-overlapping 8-hour average of Carbon Monoxide (CO) in the year (ppm),2nd highest non-overlapping,EPAA_2NDMAX_CO_8HR,SDOH
98th percentile of the daily max 1-hour measurements of Nitrogen Dioxide (NO2) in the year (ppb),98th percentile of,EPAA_98PR_NO2_1HR,SDOH
Annual mean of all the 1-hour measurements of Nitrogen Dioxide (NO2) in the year (ppb),Annual mean of,EPAA_MEAN_NO2_1HR,SDOH
2nd highest daily max 1-hour measurement of Ozone (O3) in the year (ppm),2nd highest daily,EPAA_2NDMAX_O3_1HR,SDOH
4th highest daily max 8-hour average of Ozone (O3) in the year (ppm),4th highest daily,EPAA_4THMAX_O3_8HR,SDOH
Maximum of all rolling 3-month averages of Lead (Pb) in the year (ug/m3),Maximum of all,EPAA_MAX_PB_3MON,SDOH
2nd highest 24-hour average of PM10 in the year,2nd highest 24-hour,EPAA_2NDMAX_PM10_24HR,SDOH
Weighted annual mean (mean weighted by calendar quarter) for the year of PM10 (ug/m3),Weighted annual mean,EPAA_MEAN_WTD_PM10,SDOH
Weighted annual mean (mean weighted by calendar quarter) for the year of PM2.5 (ug/m3),Weighted annual mean,EPAA_MEAN_WTD_PM25,SDOH
98th percentile of the daily average measurements in the year of PM2.5 (ug/m3),98th percentile of,EPAA_98PR_PM25_DAILY,SDOH
99th percentile of the daily max 1-hour measurements of Sulfur Dioxide (SO2) in the year,99th percentile of,EPAA_99PR_SO2_1HR,SDOH
2nd highest 24-hour average of Sulfur Dioxide (SO2) in the year,2nd highest 24-hour,EPAA_2NDMAX_SO2_24HR,SDOH
Annual mean of all the 1-hour measurements of Sulfur Dioxide (SO2) in the year (ppb),Annual mean of,EPAA_MEAN_SO2_1HR,SDOH
Monthly (April) average temperature (Fahrenheit),Monthly (April) average,NOAAC_AVG_TEMP_APR,SDOH
Monthly (August) average temperature (Fahrenheit),Monthly (August) average,NOAAC_AVG_TEMP_AUG,SDOH
Monthly (December) average temperature (Fahrenheit),Monthly (December) average,NOAAC_AVG_TEMP_DEC,SDOH
Monthly (February) average temperature (Fahrenheit),Monthly (February) average,NOAAC_AVG_TEMP_FEB,SDOH
Monthly (January) average temperature (Fahrenheit),Monthly (January) average,NOAAC_AVG_TEMP_JAN,SDOH
Monthly (July) average temperature (Fahrenheit),Monthly (July) average,NOAAC_AVG_TEMP_JUL,SDOH
Monthly (June) average temperature (Fahrenheit),Monthly (June) average,NOAAC_AVG_TEMP_JUN,SDOH
Monthly (March) average temperature (Fahrenheit),Monthly (March) average,NOAAC_AVG_TEMP_MAR,SDOH
Monthly (May) average temperature (Fahrenheit),Monthly (May) average,NOAAC_AVG_TEMP_MAY,SDOH
Monthly (November) average temperature (Fahrenheit),Monthly (November) average,NOAAC_AVG_TEMP_NOV,SDOH
Monthly (October) average temperature (Fahrenheit),Monthly (October) average,NOAAC_AVG_TEMP_OCT,SDOH
Monthly (September) average temperature (Fahrenheit),Monthly (September) average,NOAAC_AVG_TEMP_SEP,SDOH
Monthly (April) maximum temperature (Fahrenheit),Monthly (April) maximum,NOAAC_MAX_TEMP_APR,SDOH
Monthly (August) maximum temperature (Fahrenheit),Monthly (August) maximum,NOAAC_MAX_TEMP_AUG,SDOH
Monthly (December) maximum temperature (Fahrenheit),Monthly (December) maximum,NOAAC_MAX_TEMP_DEC,SDOH
Monthly (February) maximum temperature (Fahrenheit),Monthly (February) maximum,NOAAC_MAX_TEMP_FEB,SDOH
Monthly (January) maximum temperature (Fahrenheit),Monthly (January) maximum,NOAAC_MAX_TEMP_JAN,SDOH
Monthly (July) maximum temperature (Fahrenheit),Monthly (July) maximum,NOAAC_MAX_TEMP_JUL,SDOH
Monthly (June) maximum temperature (Fahrenheit),Monthly (June) maximum,NOAAC_MAX_TEMP_JUN,SDOH
Monthly (March) maximum temperature (Fahrenheit),Monthly (March) maximum,NOAAC_MAX_TEMP_MAR,SDOH
Monthly (May) maximum temperature (Fahrenheit),Monthly (May) maximum,NOAAC_MAX_TEMP_MAY,SDOH
Monthly (November) maximum temperature (Fahrenheit),Monthly (November) maximum,NOAAC_MAX_TEMP_NOV,SDOH
Monthly (October) maximum temperature (Fahrenheit),Monthly (October) maximum,NOAAC_MAX_TEMP_OCT,SDOH
Monthly (September) maximum temperature (Fahrenheit),Monthly (September) maximum,NOAAC_MAX_TEMP_SEP,SDOH
Monthly (April) minimum temperature (Fahrenheit),Monthly (April) minimum,NOAAC_MIN_TEMP_APR,SDOH
Monthly (August) minimum temperature (Fahrenheit),Monthly (August) minimum,NOAAC_MIN_TEMP_AUG,SDOH
Monthly (December) minimum temperature (Fahrenheit),Monthly (December) minimum,NOAAC_MIN_TEMP_DEC,SDOH
Monthly (February) minimum temperature (Fahrenheit),Monthly (February) minimum,NOAAC_MIN_TEMP_FEB,SDOH
Monthly (January) minimum temperature (Fahrenheit),Monthly (January) minimum,NOAAC_MIN_TEMP_JAN,SDOH
Monthly (July) minimum temperature (Fahrenheit),Monthly (July) minimum,NOAAC_MIN_TEMP_JUL,SDOH
Monthly (June) minimum temperature (Fahrenheit),Monthly (June) minimum,NOAAC_MIN_TEMP_JUN,SDOH
Monthly (March) minimum temperature (Fahrenheit),Monthly (March) minimum,NOAAC_MIN_TEMP_MAR,SDOH
Monthly (May) minimum temperature (Fahrenheit),Monthly (May) minimum,NOAAC_MIN_TEMP_MAY,SDOH
Monthly (November) minimum temperature (Fahrenheit),Monthly (November) minimum,NOAAC_MIN_TEMP_NOV,SDOH
Monthly (October) minimum temperature (Fahrenheit),Monthly (October) minimum,NOAAC_MIN_TEMP_OCT,SDOH
Monthly (September) minimum temperature (Fahrenheit),Monthly (September) minimum,NOAAC_MIN_TEMP_SEP,SDOH
Monthly (April) precipitation (Inches),Monthly (April) precipitation,NOAAC_PRECIPITATION_APR,SDOH
Monthly (August) precipitation (Inches),Monthly (August) precipitation,NOAAC_PRECIPITATION_AUG,SDOH
Monthly (December) precipitation (Inches),Monthly (December) precipitation,NOAAC_PRECIPITATION_DEC,SDOH
Monthly (February) precipitation (Inches),Monthly (February) precipitation,NOAAC_PRECIPITATION_FEB,SDOH
Monthly (January) precipitation (Inches),Monthly (January) precipitation,NOAAC_PRECIPITATION_JAN,SDOH
Monthly (July) precipitation (Inches),Monthly (July) precipitation,NOAAC_PRECIPITATION_JUL,SDOH
Monthly (June) precipitation (Inches),Monthly (June) precipitation,NOAAC_PRECIPITATION_JUN,SDOH
Monthly (March) precipitation (Inches),Monthly (March) precipitation,NOAAC_PRECIPITATION_MAR,SDOH
Monthly (May) precipitation (Inches),Monthly (May) precipitation,NOAAC_PRECIPITATION_MAY,SDOH
Monthly (November) precipitation (Inches),Monthly (November) precipitation,NOAAC_PRECIPITATION_NOV,SDOH
Monthly (October) precipitation (Inches),Monthly (October) precipitation,NOAAC_PRECIPITATION_OCT,SDOH
Monthly (September) precipitation (Inches),Monthly (September) precipitation,NOAAC_PRECIPITATION_SEP,SDOH
Estimated amount of damage to property incurred by the storm events during the year (Dollar),Estimated amount of,NOAAS_PROPERTY_DAMAGE,SDOH
Total number of deaths directly caused by storm events during the year,Total number of,NOAAS_TOT_DEATHS_DIRECT,SDOH
Total number of deaths indirectly caused by storm events during the year,Total number of,NOAAS_TOT_DEATHS_INDIRECT,SDOH
Total number of injuries directly caused by storm events during the year,Total number of,NOAAS_TOT_INJURIES_DIRECT,SDOH
Total number of injuries indirectly caused by storm events during the year,Total number of,NOAAS_TOT_INJURIES_INDIRECT,SDOH
Total number of storm events,Total number of,NOAAS_TOT_STORMEVENT,SDOH
Total number of tornadoes,Total number of,NOAAS_TOT_TORNADO,SDOH
Total number of wind events,Total number of,NOAAS_TOT_WIND,SDOH
Total number of hail events,Total number of,NOAAS_TOT_HAIL,SDOH
Total number of hurricanes and tropical storms,Total number of,NOAAS_TOT_HURRICANE_STORM,SDOH
Total number of floods,Total number of,NOAAS_TOT_FLOOD,SDOH
Total number of wildfires,Total number of,NOAAS_TOT_WILDFIRE,SDOH
Total number of heat events,Total number of,NOAAS_TOT_HEAT_EVENTS,SDOH
Total number of drought,Total number of,NOAAS_TOT_DROUGHT,SDOH
Estimated median household income,Estimated median household,SAIPE_MEDIAN_HH_INCOME,SDOH
Estimated percentage of people of all ages in poverty,Estimated percentage of,SAIPE_PCT_POV,SDOH
Estimated percentage of people aged 0-17 in poverty,Estimated percentage of,SAIPE_PCT_POV_0_17,SDOH
Estimated percentage of related children aged 5-17 in families in poverty,Estimated percentage of,SAIPE_PCT_POV_5_17,SDOH
Estimated number of people of all ages in poverty,Estimated number of,SAIPE_TOT_POV,SDOH
Estimated number of people aged 0-17 in poverty,Estimated number of,SAIPE_TOT_POV_0_17,SDOH
Estimated number of related children aged 5-17 in families in poverty,Estimated number of,SAIPE_TOT_POV_5_17,SDOH
Annual mean of Particulate Matter (PM2.5) concentration (Âµg/m3),Annual mean of,WUSTL_AVG_PM25,SDOH
Percentage of home health agencies offering nursing care services,Percentage of home,HHC_PCT_HHA_NURSING,SDOH
Percentage of home health agencies offering physical therapy services,Percentage of home,HHC_PCT_HHA_PHYS_THERAPY,SDOH
Percentage of home health agencies offering occupational therapy services,Percentage of home,HHC_PCT_HHA_OCC_THERAPY,SDOH
Percentage of home health agencies offering speech pathology services,Percentage of home,HHC_PCT_HHA_SPEECH,SDOH
Percentage of home health agencies offering medical social services,Percentage of home,HHC_PCT_HHA_MEDICAL,SDOH
Percentage of home health agencies offering home health aide services,Percentage of home,HHC_PCT_HHA_AIDE,SDOH
"Median distance in miles to the nearest urgent care, calculated using population weighted tract centroids in the county",Median distance in,HIFLD_MEDIAN_DIST_UC,SDOH
"Mean distance in miles to the nearest urgent care, calculated using population weighted tract centroids in the county",Mean distance in,HIFLD_MEAN_DIST_UC,SDOH
"Minimum distance in miles to the nearest urgent care, calculated using population weighted tract centroids in the county",Minimum distance in,HIFLD_MIN_DIST_UC,SDOH
"Maximum distance in miles to the nearest urgent care, calculated using population weighted tract centroids in the county",Maximum distance in,HIFLD_MAX_DIST_UC,SDOH
Total number of urgent care organizations,Total number of,HIFLD_UC,SDOH
"Total number of urgent care organizations per 1,000 population",Total number of,HIFLD_UC_RATE,SDOH
Total number of Indian Health Service health care facilities,Total number of,IHS_HEALTH_FACILITY,SDOH
"Total number of Indian Health Service health care facilities per 1,000 population",Total number of,IHS_HEALTH_FACILITY_RATE,SDOH
Average percentage of high-risk long-stay nursing home residents with pressure ulcers in the county,Average percentage of,LTC_AVG_PCT_PRESSURE_ULCER,SDOH
Average percentage of residents present in a nursing home on the 1st Thursday of April within the county who are black,Average percentage of,LTC_PCT_RESD_BLACK,SDOH
Average percentage of residents present in a nursing home on the 1st Thursday of April within the county who are Hispanic,Average percentage of,LTC_PCT_RESD_HISPANIC,SDOH
Average percentage of residents present in a nursing home on the 1st Thursday of April within the county who are white,Average percentage of,LTC_PCT_RESD_WHITE,SDOH
Average age of residents present in a nursing home on the 1st Thursday of April within a county,Average age of,LTC_AVG_AGE,SDOH
Percentage of nursing homes that are owned or leased by a multi-facility (chain) organization,Percentage of nursing,LTC_PCT_MULTI_FAC,SDOH
Percentage of nursing homes that are for-profit,Percentage of nursing,LTC_PCT_FOR_PROFIT,SDOH
Average acuity index of the nursing home residents in the county,Average acuity index,LTC_AVG_ACUITY_INDEX,SDOH
Total number of nursing home beds in the county,Total number of,LTC_TOT_BEDS,SDOH
"Total number of nursing home beds in the county per 1,000 population",Total number of,LTC_TOT_BEDS_RATE,SDOH
Average rehospitalization rate in the county,Average rehospitalization rate,LTC_AVG_OBS_REHOSP_RATE,SDOH
Average successful discharge rate in the county,Average successful discharge,LTC_AVG_OBS_SUCCESSFUL_DISC_RATE,SDOH
Average percentage of nursing home residents in the county whose primary support is Medicaid,Average percentage of,LTC_AVG_PCT_MEDICAID,SDOH
Average percentage of nursing home residents in the county whose primary support is Medicare,Average percentage of,LTC_AVG_PCT_MEDICARE,SDOH
Total nursing home occupancy rate in the county,Total nursing home,LTC_OCCUPANCY_RATE,SDOH
Percentage of Medicare FFS beneficiaries who are eligible for Medicaid for at least one month,Percentage of Medicare,MGV_PCT_MEDICAID,SDOH
Total number of Medicare beneficiaries with Part A and Part B,Total number of,MGV_TOT_BEN_PART_A_B,SDOH
Total number of Medicare FFS beneficiaries,Total number of,MGV_TOT_BEN_FFS,SDOH
Percentage of Medicare FFS beneficiaries who are non-Hispanic White,Percentage of Medicare,MGV_PCT_BEN_FFS_WHITE,SDOH
Percentage of Medicare FFS beneficiaries who are Black or African American,Percentage of Medicare,MGV_PCT_BEN_FFS_BLACK,SDOH
Percentage of Medicare FFS beneficiaries who are Hispanic,Percentage of Medicare,MGV_PCT_BEN_FFS_HISPANIC,SDOH
Per capita Medicare inpatient actual payment,Per capita Medicare,MGV_PER_CAPITA_ACTUAL_IP,SDOH
Per capita Medicare inpatient standardized payment,Per capita Medicare,MGV_PER_CAPITA_STD_IP,SDOH
Per capita Medicare outpatient actual payment,Per capita Medicare,MGV_PER_CAPITA_ACTUAL_OP,SDOH
Per capita Medicare outpatient standardized payment,Per capita Medicare,MGV_PER_CAPITA_STD_OP,SDOH
Per capita Medicare E&M actual payment,Per capita Medicare,MGV_PER_CAPITA_ACTUAL_EM,SDOH
Per capita Medicare E&M standardized payment,Per capita Medicare,MGV_PER_CAPITA_STD_EM,SDOH
Per capita Medicare post acute care actual payment,Per capita Medicare,MGV_PER_CAPITA_ACTUAL_PA,SDOH
Per capita Medicare post acute care standardized payment,Per capita Medicare,MGV_PER_CAPITA_STD_PA,SDOH
Per capita Medicare FQHC/RHC actual payment,Per capita Medicare,MGV_PER_CAPITA_ACTUAL_HC,SDOH
Per capita Medicare FQHC/RHC standardized payment,Per capita Medicare,MGV_PER_CAPITA_STD_HC,SDOH
"Prevention quality overall composite per 100,000 male Medicare (dual and non-dual) beneficiaries",Prevention quality overall,MMD_OVERALL_PQI_M_RATE,SDOH
"Prevention quality overall composite per 100,000 female Medicare (dual and non-dual) beneficiaries",Prevention quality overall,MMD_OVERALL_PQI_F_RATE,SDOH
"Prevention quality overall composite per 100,000 White Medicare (dual and non-dual) beneficiaries",Prevention quality overall,MMD_OVERALL_PQI_WHITE_RATE,SDOH
"Prevention quality overall composite per 100,000 Black Medicare (dual and non-dual) beneficiaries",Prevention quality overall,MMD_OVERALL_PQI_BLACK_RATE,SDOH
"Prevention quality overall composite per 100,000 other race Medicare (dual and non-dual) beneficiaries",Prevention quality overall,MMD_OVERALL_PQI_OTHER_RATE,SDOH
"Prevention quality overall composite per 100,000 Asian or Pacific Islander Medicare (dual and non-dual) beneficiaries",Prevention quality overall,MMD_OVERALL_PQI_ASIAN_RATE,SDOH
"Prevention quality overall composite per 100,000 Hispanic Medicare (dual and non-dual) beneficiaries",Prevention quality overall,MMD_OVERALL_PQI_HISP_RATE,SDOH
"Prevention quality overall composite per 100,000 American Indian or Alaska Native Medicare (dual and non-dual) beneficiaries",Prevention quality overall,MMD_OVERALL_PQI_AIAN_RATE,SDOH
"Prevention quality acute composite per 100,000 male Medicare (dual and non-dual) beneficiaries",Prevention quality acute,MMD_ACUTE_PQI_M_RATE,SDOH
"Prevention quality acute composite per 100,000 female Medicare (dual and non-dual) beneficiaries",Prevention quality acute,MMD_ACUTE_PQI_F_RATE,SDOH
"Prevention quality acute composite per 100,000 White Medicare (dual and non-dual) beneficiaries",Prevention quality acute,MMD_ACUTE_PQI_WHITE_RATE,SDOH
"Prevention quality acute composite per 100,000 Black Medicare (dual and non-dual) beneficiaries",Prevention quality acute,MMD_ACUTE_PQI_BLACK_RATE,SDOH
"Prevention quality acute composite per 100,000 other race Medicare (dual and non-dual) beneficiaries",Prevention quality acute,MMD_ACUTE_PQI_OTHER_RATE,SDOH
"Prevention quality acute composite per 100,000 Asian or Pacific Islander Medicare (dual and non-dual) beneficiaries",Prevention quality acute,MMD_ACUTE_PQI_ASIAN_RATE,SDOH
"Prevention quality acute composite per 100,000 Hispanic Medicare (dual and non-dual) beneficiaries",Prevention quality acute,MMD_ACUTE_PQI_HISP_RATE,SDOH
"Prevention quality acute composite per 100,000 American Indian or Alaska Native Medicare (dual and non-dual) beneficiaries",Prevention quality acute,MMD_ACUTE_PQI_AIAN_RATE,SDOH
"Prevention quality chronic composite per 100,000 male Medicare (dual and non-dual) beneficiaries",Prevention quality chronic,MMD_CHRONIC_PQI_M_RATE,SDOH
"Prevention quality chronic composite per 100,000 female Medicare (dual and non-dual) beneficiaries",Prevention quality chronic,MMD_CHRONIC_PQI_F_RATE,SDOH
"Prevention quality chronic composite per 100,000 White Medicare (dual and non-dual) beneficiaries",Prevention quality chronic,MMD_CHRONIC_PQI_WHITE_RATE,SDOH
"Prevention quality chronic composite per 100,000 Black Medicare (dual and non-dual) beneficiaries",Prevention quality chronic,MMD_CHRONIC_PQI_BLACK_RATE,SDOH
"Prevention quality chronic composite per 100,000 other race Medicare (dual and non-dual) beneficiaries",Prevention quality chronic,MMD_CHRONIC_PQI_OTHER_RATE,SDOH
"Prevention quality chronic composite per 100,000 Asian or Pacific Islander Medicare (dual and non-dual) beneficiaries",Prevention quality chronic,MMD_CHRONIC_PQI_ASIAN_RATE,SDOH
"Prevention quality chronic composite per 100,000 Hispanic Medicare (dual and non-dual) beneficiaries",Prevention quality chronic,MMD_CHRONIC_PQI_HISP_RATE,SDOH
"Prevention quality chronic composite per 100,000 American Indian or Alaska Native Medicare (dual and non-dual) beneficiaries",Prevention quality chronic,MMD_CHRONIC_PQI_AIAN_RATE,SDOH
"Emergency department visits per 1,000 male Medicare (dual and non-dual) beneficiaries",Emergency department visits,MMD_ED_VISITS_M_RATE,SDOH
"Emergency department visits per 1,000 female Medicare (dual and non-dual) beneficiaries",Emergency department visits,MMD_ED_VISITS_F_RATE,SDOH
"Emergency department visits per 1,000 White Medicare (dual and non-dual) beneficiaries",Emergency department visits,MMD_ED_VISITS_WHITE_RATE,SDOH
"Emergency department visits per 1,000 Black Medicare (dual and non-dual) beneficiaries",Emergency department visits,MMD_ED_VISITS_BLACK_RATE,SDOH
"Emergency department visits per 1,000 other race Medicare (dual and non-dual) beneficiaries",Emergency department visits,MMD_ED_VISITS_OTHER_RATE,SDOH
"Emergency department visits per 1,000 Asian or Pacific Islander Medicare (dual and non-dual) beneficiaries",Emergency department visits,MMD_ED_VISITS_ASIAN_RATE,SDOH
"Emergency department visits per 1,000 Hispanic Medicare (dual and non-dual) beneficiaries",Emergency department visits,MMD_ED_VISITS_HISP_RATE,SDOH
"Emergency department visits per 1,000 American Indian or Alaska Native Medicare (dual and non-dual) beneficiaries",Emergency department visits,MMD_ED_VISITS_AIAN_RATE,SDOH
"Emergency department visits per 1,000 Medicare only beneficiaries",Emergency department visits,MMD_ED_VISITS_MED_RATE,SDOH
"Emergency department visits per 1,000 dual beneficiaries",Emergency department visits,MMD_ED_VISITS_DUAL_RATE,SDOH
All cause readmissions per 100 male admissions,All cause readmissions,MMD_READM_M_RATE,SDOH
All cause readmissions per 100 female admissions,All cause readmissions,MMD_READM_F_RATE,SDOH
All cause readmissions per 100 White admissions,All cause readmissions,MMD_READM_WHITE_RATE,SDOH
All cause readmissions per 100 Black admissions,All cause readmissions,MMD_READM_BLACK_RATE,SDOH
All cause readmissions per 100 other race admissions,All cause readmissions,MMD_READM_OTHER_RATE,SDOH
All cause readmissions per 100 Asian or Pacific Islander admissions,All cause readmissions,MMD_READM_ASIAN_RATE,SDOH
All cause readmissions per 100 Hispanic admissions,All cause readmissions,MMD_READM_HISP_RATE,SDOH
All cause readmissions per 100 American Indian or Alaska Native admissions,All cause readmissions,MMD_READM_AIAN_RATE,SDOH
Prevalence of anxiety disorders among Medicare (dual and non-dual) beneficiaries,Prevalence of anxiety,MMD_ANXIETY_DISD,SDOH
Prevalence of bipolar disorder among Medicare (dual and non-dual) beneficiaries,Prevalence of bipolar,MMD_BIPOLAR_DISD,SDOH
Prevalence of depressive disorders among Medicare (dual and non-dual) beneficiaries,Prevalence of depressive,MMD_DEPR_DISD,SDOH
Prevalence of personality disorders among Medicare (dual and non-dual) beneficiaries,Prevalence of personality,MMD_PERSONALITY_DISD,SDOH
Prevalence of the overarching Opioid Use Disorder (OUD) indicator among Medicare (dual and non-dual) beneficiaries,Prevalence of the,MMD_OUD_IND,SDOH
Percentage of clinicians who accept Medicare Approved Amounts in full,Percentage of clinicians,PC_PCT_MEDICARE_APPRVD_FULL_AMT,SDOH
Percentage of clinicians who may accept the Medicare Approved Amounts,Percentage of clinicians,PC_PCT_MCARE_MAY_ACPT_APPRVD_AMT,SDOH
"Median distance in miles to the nearest emergency department, calculated using population weighted tract centroids in the county",Median distance in,POS_MEDIAN_DIST_ED,SDOH
"Mean distance in miles to the nearest emergency department, calculated using population weighted tract centroids in the county",Mean distance in,POS_MEAN_DIST_ED,SDOH
"Minimum distance in miles to the nearest emergency department, calculated using population weighted tract centroids in the county",Minimum distance in,POS_MIN_DIST_ED,SDOH
"Maximum distance in miles to the nearest emergency department, calculated using population weighted tract centroids in the county",Maximum distance in,POS_MAX_DIST_ED,SDOH
"Median distance in miles to the nearest medical-surgical ICU, calculated using population weighted tract centroids in the county",Median distance in,POS_MEDIAN_DIST_MEDSURG_ICU,SDOH
"Mean distance in miles to the nearest medical-surgical ICU, calculated using population weighted tract centroids in the county",Mean distance in,POS_MEAN_DIST_MEDSURG_ICU,SDOH
"Minimum distance in miles to the nearest medical-surgical ICU, calculated using population weighted tract centroids in the county",Minimum distance in,POS_MIN_DIST_MEDSURG_ICU,SDOH
"Maximum distance in miles to the nearest medical-surgical ICU, calculated using population weighted tract centroids in the county",Maximum distance in,POS_MAX_DIST_MEDSURG_ICU,SDOH
"Median distance in miles to the nearest designated trauma center, calculated using population weighted tract centroids in the county",Median distance in,POS_MEDIAN_DIST_TRAUMA,SDOH
"Mean distance in miles to the nearest designated trauma center, calculated using population weighted tract centroids in the county",Mean distance in,POS_MEAN_DIST_TRAUMA,SDOH
"Minimum distance in miles to the nearest designated trauma center, calculated using population weighted tract centroids in the county",Minimum distance in,POS_MIN_DIST_TRAUMA,SDOH
"Maximum distance in miles to the nearest designated trauma center, calculated using population weighted tract centroids in the county",Maximum distance in,POS_MAX_DIST_TRAUMA,SDOH
"Median distance in miles to the nearest pediatric ICU, calculated using population weighted tract centroids in the county",Median distance in,POS_MEDIAN_DIST_PED_ICU,SDOH
"Mean distance in miles to the nearest pediatric ICU, calculated using population weighted tract centroids in the county",Mean distance in,POS_MEAN_DIST_PED_ICU,SDOH
"Minimum distance in miles to the nearest pediatric ICU, calculated using population weighted tract centroids in the county",Minimum distance in,POS_MIN_DIST_PED_ICU,SDOH
"Maximum distance in miles to the nearest pediatric ICU, calculated using population weighted tract centroids in the county",Maximum distance in,POS_MAX_DIST_PED_ICU,SDOH
"Median distance in miles to the nearest obstetrics department, calculated using population weighted tract centroids in the county",Median distance in,POS_MEDIAN_DIST_OBSTETRICS,SDOH
"Mean distance in miles to the nearest obstetrics department, calculated using population weighted tract centroids in the county",Mean distance in,POS_MEAN_DIST_OBSTETRICS,SDOH
"Minimum distance in miles to the nearest obstetrics department, calculated using population weighted tract centroids in the county",Minimum distance in,POS_MIN_DIST_OBSTETRICS,SDOH
"Maximum distance in miles to the nearest obstetrics department, calculated using population weighted tract centroids in the county",Maximum distance in,POS_MAX_DIST_OBSTETRICS,SDOH
"Median distance in miles to the nearest health clinic (FQHC, RHC), calculated using population weighted tract centroids in the county",Median distance in,POS_MEDIAN_DIST_CLINIC,SDOH
"Mean distance in miles to the nearest health clinic (FQHC, RHC), calculated using population weighted tract centroids in the county",Mean distance in,POS_MEAN_DIST_CLINIC,SDOH
"Minimum distance in miles to the nearest health clinic (FQHC, RHC), calculated using population weighted tract centroids in the county",Minimum distance in,POS_MIN_DIST_CLINIC,SDOH
"Maximum distance in miles to the nearest health clinic (FQHC, RHC), calculated using population weighted tract centroids in the county",Maximum distance in,POS_MAX_DIST_CLINIC,SDOH
"Median distance in miles to the nearest hospital with alcohol and drug abuse inpatient care, calculated using population weighted tract centroids in the county",Median distance in,POS_MEDIAN_DIST_ALC,SDOH
"Mean distance in miles to the nearest hospital with alcohol and drug abuse inpatient care, calculated using population weighted tract centroids in the county",Mean distance in,POS_MEAN_DIST_ALC,SDOH
"Minimum distance in miles to the nearest hospital with alcohol and drug abuse inpatient care, calculated using population weighted tract centroids in the county",Minimum distance in,POS_MIN_DIST_ALC,SDOH
"Maximum distance in miles to the nearest hospital with alcohol and drug abuse inpatient care, calculated using population weighted tract centroids in the county",Maximum distance in,POS_MAX_DIST_ALC,SDOH
Total number of Federally Qualified Health Centers (FQHCs),Total number of,POS_TOT_FQHC,SDOH
"Total number of Federally Qualified Health Centers (FQHCs) per 1,000 population",Total number of,POS_FQHC_RATE,SDOH
Total number of Community Mental Health Centers,Total number of,POS_TOT_CMHC,SDOH
"Total number of Community Mental Health Centers per 1,000 population",Total number of,POS_CMHC_RATE,SDOH
Total number of Rural Health Clinics (RHCs),Total number of,POS_TOT_RHC,SDOH
"Total number of Rural Health Clinics (RHCs) per 1,000 population",Total number of,POS_RHC_RATE,SDOH
Total number of home health agencies,Total number of,POS_TOT_HHA,SDOH
"Total number of home health agencies per 1,000 population",Total number of,POS_HHA_RATE,SDOH
Total number of hospices,Total number of,POS_TOT_HOSPICE,SDOH
"Total number of hospices per 1,000 population",Total number of,POS_HOSPICE_RATE,SDOH
Total number of ambulatory surgical centers,Total number of,POS_TOT_ASC,SDOH
"Total number of ambulatory surgical centers per 1,000 population",Total number of,POS_ASC_RATE,SDOH
Total number of nursing facilities,Total number of,POS_TOT_NF,SDOH
"Total number of nursing facilities per 1,000 population",Total number of,POS_NF_RATE,SDOH
Total number of nursing facility certified beds,Total number of,POS_TOT_NF_BEDS,SDOH
"Total number of nursing facility certified beds per 1,000 population",Total number of,POS_NF_BEDS_RATE,SDOH
Total number of skilled nursing facilities,Total number of,POS_TOT_SNF,SDOH
"Total number of skilled nursing facilities per 1,000 population",Total number of,POS_SNF_RATE,SDOH
Total number of skilled nursing facility certified beds,Total number of,POS_TOT_SNF_BEDS,SDOH
"Total number of skilled nursing facility certified beds per 1,000 population",Total number of,POS_SNF_BEDS_RATE,SDOH
Total number of hospitals with obstetric care,Total number of,POS_TOT_HOSP_OBSTETRIC,SDOH
"Total number of hospitals with obstetric care per 1,000 population",Total number of,POS_HOSP_OBSTETRIC_RATE,SDOH
Total number of hospitals with pediatric ICU,Total number of,POS_TOT_HOSP_PED_ICU,SDOH
"Total number of hospitals with pediatric ICU per 1,000 population",Total number of,POS_HOSP_PED_ICU_RATE,SDOH
Total number of hospitals with burn care,Total number of,POS_TOT_HOSP_BURN,SDOH
"Total number of hospitals with burn care per 1,000 population",Total number of,POS_HOSP_BURN_RATE,SDOH
Total number of hospitals with medical-surgical ICU,Total number of,POS_TOT_HOSP_MEDSURG_ICU,SDOH
"Total number of hospitals with medical-surgical ICUÂ per 1,000 population",Total number of,POS_HOSP_MEDSURG_ICU_RATE,SDOH
Total number of hospitals with rehabilitative care,Total number of,POS_TOT_HOSP_REHAB,SDOH
"Total number of hospitals with rehabilitative careÂ per 1,000 population",Total number of,POS_HOSP_REHAB_RATE,SDOH
Total number of hospitals with alcohol and/or drug abuse inpatient care,Total number of,POS_TOT_HOSP_ALC,SDOH
"Total number of hospitals with alcohol and/or drug abuse inpatient care per 1,000 population",Total number of,POS_HOSP_ALC_RATE,SDOH
Total number of hospitals with psychiatric care,Total number of,POS_TOT_HOSP_PSYCH,SDOH
"Total number of hospitals with psychiatric careÂ per 1,000 population",Total number of,POS_HOSP_PSYCH_RATE,SDOH
Total number of hospitals with ambulance services,Total number of,POS_TOT_HOSP_AMBULANCE,SDOH
"Total number of hospitals with ambulance servicesÂ per 1,000 population",Total number of,POS_HOSP_AMBULANCE_RATE,SDOH
Total number of hospitals with chemotherapy,Total number of,POS_TOT_HOSP_CHEMO,SDOH
"Total number of hospitals with chemotherapyÂ per 1,000 population",Total number of,POS_HOSP_CHEMO_RATE,SDOH
Total number of hospitals with emergency department,Total number of,POS_TOT_HOSP_ED,SDOH
"Total number of hospitals with emergency department per 1,000 population",Total number of,POS_HOSP_ED_RATE,SDOH
Percentage of hospitals that are private for-profit hospitals,Percentage of hospitals,POS_PCT_HOSP_FOR_PROFIT,SDOH
Percentage of hospitals that are private not-for-profit hospitals,Percentage of hospitals,POS_PCT_HOSP_NON_PROFIT,SDOH
"Percentage of hospitals that are government (federal, state, local, district) hospitals",Percentage of hospitals,POS_PCT_HOSP_GOV,SDOH
American Indian/Alaska Native areas/Hawaiian home land indicator,American Indian/Alaska Native,CEN_AIAN_NH_IND,SDOH
